식품명,영양성분함량기준량,에너지(kcal),단백질(g),지방(g),탄수화물(g),당류(g),나트륨(mg),콜레스테롤(mg),포화지방산(g),트랜스지방산(g),식품중량
비빔밥,100g,128,2.98,3.98,20.05,0.73,243.0,0.0,0.6,0.03,400g
삼각김밥,100g,165,3.66,1.58,34.11,0.21,343.0,3.51,0.45,0.01,100g
새우튀김롤,100g,202,4.82,6.06,32.09,3.71,464.0,18.62,1.14,0.04,300g
쌀밥,100g,166,3.36,0.32,37.33,0.02,0.0,0.0,0.1,0.0,100g
알밥,100g,124,9.82,4.88,10.21,2.63,1032.0,143.7,0.86,0.04,355g
연어롤,100g,170,6.19,5.13,24.77,2.82,404.0,20.66,0.94,0.03,300g
연잎밥,100g,207,4.0,0.3,47.0,,178.0,,0.0,0.0,100g
오곡밥,100g,156,4.78,0.52,32.93,0.07,46.0,0.0,0.17,0.0,250g
자장밥,100g,148,3.05,4.46,24.01,1.07,312.0,5.29,1.71,0.03,500g
잡탕밥,100g,104,5.88,2.68,13.99,0.06,281.0,43.98,0.54,0.02,750g
주먹밥,100g,208,6.0,4.4,36.2,0.6,331.0,28.3,0.73,0.0,150g
짜장밥,100g,136,6.3,2.8,21.5,,325.0,,0.0,0.0,100g
초밥,100g,151,9.02,1.31,25.85,2.57,270.0,15.58,0.35,0.01,300g
허브차,100ml,0,0.0,,,0.0,0.0,,0.0,,946g
홍차,100ml,0,0.07,,,0.0,1.0,,0.0,,450g
탄산음료,100ml,18,0.0,,,4.79,0.0,,0.0,,355g
코코아,100ml,126,3.08,,,12.62,40.0,,4.31,,325g
콤부차,100ml,32,0.0,,,7.87,2.0,,0.0,,470g
커피,100ml,44,1.52,,,5.26,24.0,,1.1,,946g
에이드,100ml,19,0.03,,,4.79,0.0,,0.01,,355g
아이스티,100ml,61,0.0,,,14.31,9.0,,0.0,,450g
스무디,100ml,120,1.45,,,16.52,37.0,,4.35,,345g
식혜,100ml,48,0.16,0.05,11.69,11.17,,,0.02,,100g
쌍화차,100ml,54,0.08,,,10.53,15.0,,0.0,,360g
콩나물국,100ml,7,0.79,0.22,0.95,0.14,134.0,0.01,0.04,,320ml
감자탕,100ml,67,4.66,3.96,3.37,0.42,145.0,15.6,0.98,,420ml
김치찌개,100ml,41,3.74,1.77,2.6,1.01,266.0,7.48,0.5,,270ml
부대찌개,100ml,68,4.83,2.79,6.12,1.24,368.0,11.14,0.86,,270ml
청국장찌개,100ml,28,2.53,0.68,2.93,0.63,202.0,1.31,0.13,,340ml
콩비지찌개,100ml,41,2.7,1.15,5.17,0.66,238.0,3.47,0.27,,240ml
달걀찜,100ml,69,6.24,3.64,2.21,0.52,252.0,162.13,1.27,,180ml
닭찜,100ml,111,8.97,4.8,7.57,1.29,191.0,33.08,1.28,,370ml
돼지갈비찜,100ml,136,10.49,8.06,4.79,2.29,250.0,39.68,2.18,,340ml
가자미구이,100ml,150,14.69,7.8,3.85,0.03,291.0,63.9,1.22,,190ml
갈치구이,100ml,123,9.35,7.32,3.96,0.0,314.0,34.33,1.59,,170ml
고등어구이,100ml,179,12.71,12.18,3.6,0.0,235.0,36.45,2.81,,130ml
꽁치구이,100ml,196,21.64,10.1,2.81,0.0,279.0,64.8,1.62,,100ml
돼지불고기,100ml,85,8.75,3.5,4.3,2.26,218.0,24.22,1.11,,300ml
삼치구이,100ml,81,9.2,3.81,1.78,0.0,167.0,32.65,0.78,,210ml
된장국,100ml,17,1.33,0.47,2.22,0.85,251.0,0.0,0.08,,260ml
들깨국,100ml,15,0.63,0.76,1.66,0.45,170.0,0.0,0.07,,270ml
무국,100ml,7,0.26,0.17,1.28,0.39,177.0,0.0,0.03,,320ml
미소된장국,100ml,21,1.58,0.83,2.04,0.36,302.0,0.0,0.13,,230ml
미역국,100ml,17,1.45,1.05,0.7,0.02,215.0,3.58,0.29,,320ml
미역냉국,100ml,14,0.6,0.19,3.11,1.99,258.0,0.0,0.04,,200ml
북어국,100ml,15,1.85,0.47,0.99,0.21,130.0,7.95,0.09,,350ml
설렁탕,100ml,37,2.1,1.24,4.08,0.12,133.0,4.93,0.39,,550ml
소고기육개장,100ml,25,1.91,1.41,1.49,0.37,125.0,7.33,0.41,,440ml
어묵국(어묵탕),100ml,21,1.4,0.48,2.92,0.6,220.0,2.05,0.09,,320ml
오이냉국,100ml,17,0.57,0.21,3.59,2.67,226.0,0.0,0.04,,160ml
오징어국,100ml,25,3.71,0.39,1.6,0.49,229.0,39.94,0.09,,300ml
떡국,100ml,43,1.19,0.4,8.78,0.13,168.0,11.06,0.13,,490ml
떡만두국,100ml,69,2.46,1.34,11.89,0.18,194.0,7.67,0.45,,540ml
만두국,100ml,44,2.24,1.48,5.44,0.25,180.0,12.96,0.53,,380ml
스파게티,100ml,108,4.34,1.84,18.58,2.84,137.0,5.01,0.46,,350ml
우동,100ml,61,1.86,0.72,11.22,0.16,246.0,0.73,0.16,,630ml
자장면,100ml,126,4.0,2.05,22.05,1.91,377.0,1.52,0.41,,550ml
잔치국수,100ml,63,1.99,0.55,12.03,0.63,309.0,3.8,0.12,,650ml
쫄면,100ml,121,3.44,0.8,24.73,4.58,601.0,4.41,0.19,,320ml
닭죽,100ml,111,5.56,2.05,16.57,0.76,153.0,15.65,0.55,,250ml
감자국,100ml,21,0.85,0.1,4.59,0.28,213.0,1.91,0.03,,240ml
김치국,100ml,12,0.67,0.15,2.15,0.91,323.0,0.01,0.03,,200ml
달걀국,100ml,19,1.67,0.9,0.87,0.19,205.0,39.49,0.31,,260ml
닭고기육개장,100ml,28,2.64,1.32,1.52,0.4,141.0,10.02,0.33,,440ml
닭곰탕,100ml,48,4.3,1.83,3.32,0.32,238.0,14.99,0.5,,280ml
샐러드,100ml,163,2.76,10.17,15.64,3.12,316.0,16.13,1.64,,80ml
얼갈이겉절이,100ml,27,1.17,0.65,4.71,2.16,340.0,0.55,0.11,,70ml
오이생채,100ml,32,1.32,0.54,6.66,3.75,232.0,0.0,0.09,,60ml
오징어무침,100ml,48,5.91,0.63,4.92,2.42,183.0,65.65,0.14,,190ml
청포묵무침,100ml,53,1.96,2.16,7.48,0.85,271.0,9.48,0.36,,90ml
기장밥,100ml,118,2.25,0.18,25.75,0.02,3.0,0.0,0.05,,370ml
보리밥,100ml,118,2.2,0.18,25.78,0.03,2.0,0.0,0.06,,380ml
수수밥,100ml,120,2.21,0.17,26.3,0.02,3.0,0.0,0.05,,350ml
차조밥,100ml,119,2.19,0.22,25.73,0.03,2.0,0.0,0.06,,370ml
카레라이스,100ml,100,2.64,1.59,18.4,0.94,97.0,2.45,0.48,,600ml
콩나물밥,100ml,110,3.17,0.92,21.8,0.31,115.0,1.04,0.2,,450ml
현미밥,100ml,120,2.15,0.2,26.15,0.02,3.0,0.0,0.06,,370ml
흑미밥,100ml,118,2.12,0.18,25.85,0.03,3.0,0.0,0.05,,390ml
고구마맛탕,100ml,143,0.71,3.53,27.12,8.2,30.0,0.0,0.54,,180ml
숙주나물,100ml,17,1.13,0.96,1.58,0.01,168.0,0.0,0.15,,70ml
숙주미나리나물,100ml,18,1.04,0.99,1.69,0.26,178.0,0.0,0.15,,80ml
시금치나물,100ml,27,1.61,1.28,3.2,0.89,264.0,0.0,0.2,,60ml
참나물,100ml,17,0.76,0.8,2.11,0.19,173.0,0.0,0.12,,80ml
콩나물무침,100ml,19,1.64,0.93,1.95,0.28,149.0,0.0,0.16,,130ml
골뱅이무침,100ml,59,5.54,0.68,8.23,4.92,333.0,17.61,0.1,,120ml
단무지무침,100ml,33,0.82,1.27,4.78,1.79,590.0,0.0,0.21,,40ml
도라지생채,100ml,42,1.32,0.53,9.3,4.1,285.0,0.0,0.09,,70ml
도토리묵무침,100ml,61,1.37,1.24,11.77,1.74,337.0,0.0,0.2,,70ml
돌나물,100ml,42,0.96,0.92,8.47,4.13,193.0,0.0,0.14,,60ml
무말랭이무침,100ml,61,2.0,0.69,12.3,4.15,277.0,0.0,0.12,,80ml
무생채,100ml,42,1.18,0.84,8.18,4.49,322.0,0.0,0.13,,50ml
배추겉절이,100ml,40,1.95,0.95,7.13,3.95,633.0,1.23,0.15,,50ml
부추무침,100ml,24,1.02,0.83,3.73,1.86,203.0,0.0,0.14,,70ml
상추겉절이,100ml,24,1.06,0.76,3.92,1.89,168.0,0.0,0.12,,80ml
떡볶이,100ml,161,3.94,1.25,34.59,4.84,456.0,2.51,0.27,,150ml
미역줄기볶음,100ml,35,0.72,2.74,3.27,0.58,1287.0,0.0,0.39,,70ml
소시지볶음,100ml,134,6.8,8.34,7.71,2.5,425.0,27.26,2.62,,170ml
순대볶음,100ml,100,3.31,4.43,12.34,2.6,270.0,2.47,1.66,,220ml
어묵볶음,100ml,78,3.97,2.76,9.78,2.58,343.0,6.05,0.46,,150ml
오징어볶음,100ml,77,8.2,1.29,8.19,2.53,264.0,90.13,0.26,,250ml
오징어채볶음,100ml,54,6.23,1.6,3.43,1.5,164.0,26.61,0.25,,150ml
잔멸치볶음,100ml,147,9.77,8.68,8.17,2.93,521.0,73.6,1.13,,50ml
잡채,100ml,109,3.16,2.5,18.82,2.42,261.0,5.79,0.46,,140ml
고등어조림,100ml,82,6.97,3.53,5.61,2.26,330.0,17.94,0.9,,150ml
꽁치조림,100ml,81,7.25,3.25,5.52,2.14,396.0,28.92,0.67,,160ml
닭도리탕,100ml,116,9.5,4.83,8.71,3.03,299.0,33.31,1.29,,210ml
닭조림,100ml,121,10.53,4.92,8.29,2.44,220.0,37.19,1.32,,220ml
두부조림,100ml,138,10.51,6.73,8.66,1.73,353.0,0.0,1.01,,90ml
연근조림,100ml,185,5.0,6.46,28.37,7.1,528.0,0.0,1.04,,40ml
우엉조림,100ml,120,3.76,4.88,16.45,4.62,314.0,0.0,0.82,,50ml
장조림,100ml,141,15.38,5.93,5.53,2.09,295.0,131.92,2.02,,150ml
코다리조림,100ml,73,9.34,1.26,6.05,2.42,319.0,28.75,0.19,,110ml
스크램블드에그,100ml,88,6.24,5.46,2.77,0.7,182.0,138.5,1.5,,140ml
햄전,100ml,241,19.54,13.5,8.44,1.26,731.0,112.85,3.51,,70ml
호박전,100ml,126,3.5,6.98,12.12,1.94,155.0,45.18,1.25,,60ml
감자볶음,100ml,53,1.86,2.49,5.91,0.43,139.0,4.14,0.62,,180ml
고추잡채,100ml,91,9.69,3.47,5.09,2.08,268.0,26.27,0.93,,170ml
김치볶음,100ml,54,1.39,3.0,5.51,2.94,457.0,0.0,0.44,,80ml
느타리버섯볶음,100ml,37,1.62,2.41,4.15,1.34,184.0,0.0,0.35,,70ml
닭볶음(닭갈비),100ml,131,11.24,3.98,12.54,3.59,273.0,36.36,1.1,,220ml
돼지고기볶음,100ml,94,9.13,4.38,4.14,2.11,263.0,25.65,1.45,,200ml
돼지고기찜,100ml,109,10.82,3.25,8.89,2.09,220.0,31.97,1.13,,250ml
감자구이,100ml,81,1.5,2.91,12.44,1.45,227.0,5.12,1.32,,130ml
닭구이,100ml,110,10.59,5.71,3.31,1.22,243.0,39.43,1.49,,230ml
닭날개구이,100ml,121,11.12,6.51,3.77,1.49,250.0,53.88,1.89,,160ml
닭다리구이,100ml,88,8.72,4.72,2.18,0.93,175.0,38.52,1.42,,330ml
소불고기,100ml,86,8.68,3.76,4.38,1.86,155.0,22.74,1.44,,270ml
오리불고기,100ml,81,9.62,1.54,7.36,2.63,196.0,41.21,0.54,,260ml
김치전,100ml,68,2.9,2.62,7.52,0.69,178.0,23.38,0.43,,240ml
달걀말이,100ml,167,11.03,11.17,4.09,1.01,327.0,285.56,2.92,,80ml
달걀부침(달걀후라이),100ml,178,10.97,12.76,3.05,0.19,218.0,289.87,3.18,,60ml
부추전,100ml,215,9.42,7.58,25.53,1.86,374.0,67.9,1.23,,70ml
유부국,100ml,17,1.08,1.02,1.13,0.2,162.0,0.0,0.16,,190ml
고추장찌개,100ml,49,3.19,1.27,6.96,1.55,227.0,2.68,0.28,,170ml
꽃게탕,100ml,23,2.8,0.41,2.25,0.79,223.0,8.41,0.08,,230ml
추어탕,100ml,26,2.65,0.77,2.36,0.51,238.0,18.07,0.12,,180ml
김치찜,100ml,77,7.11,4.05,2.63,1.24,201.0,23.87,1.2,,300ml
삼계탕,100ml,80,7.32,3.85,3.54,0.29,102.0,29.45,1.13,,400ml
율무밥,100ml,118,2.23,0.17,25.56,0.01,2.0,0.0,0.05,,270ml
오이지무침,100ml,23,0.59,1.02,3.21,1.53,715.0,0.0,0.15,,50ml
돼지고기덮밥,100ml,165,7.92,2.72,26.17,1.91,143.0,22.86,0.85,,330ml
볶음밥,100ml,113,4.05,1.83,19.46,1.02,165.0,10.67,0.47,,400ml
열무나물,100ml,36,2.18,1.76,3.65,0.86,294.0,0.0,0.27,,40ml
취나물,100ml,25,0.97,1.15,3.42,0.56,96.0,0.0,0.16,,80ml
갑오징어무침,100ml,50,5.31,0.74,5.89,3.06,225.0,94.82,0.12,,100ml
과일샐러드,100ml,65,0.53,3.8,7.84,5.92,24.0,1.41,0.6,,110ml
김무침,100ml,86,7.12,6.46,8.54,1.51,329.0,0.0,0.77,,20ml
느타리버섯무침,100ml,39,2.16,1.52,6.75,2.6,297.0,0.0,0.22,,40ml
고구마튀김,100ml,233,1.48,10.9,31.33,5.96,124.0,4.58,1.7,,80ml
동태까스,100ml,273,11.6,15.64,19.42,2.61,385.0,53.42,2.52,,90ml
가지나물,100ml,34,1.24,1.54,4.34,1.89,227.0,0.0,0.24,,40ml
깻잎나물,100ml,33,2.12,1.33,4.36,0.04,224.0,0.0,0.2,,50ml
배추나물,100ml,31,1.67,1.28,3.68,1.08,323.0,0.0,0.2,,50ml
파전,100ml,195,10.67,7.77,18.92,1.24,267.0,92.27,1.38,,60ml
고추장볶음,100ml,235,8.96,4.85,43.37,19.22,1562.0,17.21,1.38,,20ml
낙지볶음,100ml,67,5.42,1.59,8.11,2.6,265.0,35.16,0.29,,140ml
마늘쫑볶음,100ml,64,3.16,2.97,6.55,2.6,285.0,15.76,0.5,,60ml
소고기볶음,100ml,72,6.2,3.53,3.97,1.25,127.0,16.91,1.31,,180ml
돼지갈비구이,100ml,128,9.02,7.88,4.62,2.65,221.0,35.8,2.19,,150ml
순두부찌개,100ml,29,3.55,1.02,1.55,0.67,150.0,6.2,0.24,,190ml
깻잎찜,100ml,60,2.98,1.87,9.07,2.26,462.0,0.0,0.29,,30ml
영양돌솥밥,100ml,111,2.35,0.31,23.8,0.66,80.0,0.0,0.07,,220ml
호박죽,100ml,71,1.39,0.28,16.08,5.61,140.0,0.0,0.06,,150ml
갈비탕,100ml,39,2.19,2.13,2.71,0.26,109.0,9.9,0.76,,260ml
마늘장아찌무침,100ml,99,1.88,0.7,21.85,11.66,805.0,0.0,0.12,,40ml
모자반무침,100ml,19,1.29,0.4,4.36,1.3,186.0,0.01,0.07,,100ml
북어채무침,100ml,149,23.17,2.65,7.22,2.24,293.0,90.7,0.44,,90ml
톳나물초무침,100ml,19,1.11,0.37,4.78,1.61,93.0,0.01,0.06,,120ml
파래무침,100ml,43,3.82,1.11,9.24,0.99,251.0,0.01,0.17,,30ml
풋마늘무침,100ml,38,1.31,0.82,8.05,3.77,155.0,0.01,0.14,,70ml
곤드레밥,100ml,87,2.09,0.97,17.09,0.18,118.0,1.22,0.18,,300ml
깐쇼새우,100ml,150,7.9,6.28,14.7,5.31,266.0,65.29,1.25,,330ml
생선까스,100ml,232,7.58,18.96,7.25,0.54,201.0,40.24,2.79,,220ml
냉이나물,100ml,33,2.4,0.86,5.44,1.18,182.0,0.01,0.14,,75ml
시래기나물,100ml,30,0.93,1.92,2.65,0.08,197.0,0.01,0.24,,75ml
유채나물,100ml,22,2.1,0.89,2.4,0.31,154.0,0.01,0.14,,70ml
청경채나물,100ml,14,1.06,0.58,1.59,0.23,156.0,0.02,0.09,,100ml
톳나물,100ml,30,2.67,1.6,2.55,0.18,156.0,0.0,0.24,,140ml
간재미회무침,100ml,47,4.73,0.47,6.47,3.57,164.0,16.06,0.09,,270ml
개고기무침,100ml,121,7.63,8.82,3.76,0.9,111.0,13.49,1.64,,620ml
곤약무침,100ml,83,0.7,7.7,3.62,1.12,119.0,2.79,1.15,,75ml
더덕무침,100ml,65,1.29,0.65,14.72,4.26,148.0,0.02,0.11,,70ml
주꾸미볶음,100ml,74,6.94,1.91,7.99,3.13,142.0,150.16,0.31,,315ml
중식잡채,100ml,83,2.3,2.24,13.58,1.13,112.0,5.34,0.54,,450ml
쫄볶이,100ml,150,4.7,1.41,29.37,3.97,652.0,10.84,0.58,,630ml
파래볶음,100ml,53,3.28,2.88,8.21,1.98,197.0,0.0,0.43,,70ml
표고버섯볶음,100ml,19,1.11,1.0,3.47,0.4,102.0,0.0,0.13,,90ml
호박볶음,100ml,27,0.84,1.32,3.53,1.62,234.0,1.31,0.19,,70ml
가자미조림,100ml,62,7.9,1.37,4.41,1.51,241.0,32.1,0.24,,280ml
갈치조림,100ml,65,6.31,2.4,4.44,1.78,232.0,21.47,0.67,,400ml
감자조림,100ml,66,1.58,0.85,13.29,1.89,242.0,0.0,0.14,,80ml
고추조림,100ml,57,7.08,1.21,4.69,1.24,464.0,63.41,0.24,,80ml
달걀조림,100ml,109,9.01,4.79,6.53,1.5,498.0,190.34,1.63,,80ml
버섯조림,100ml,33,2.04,0.74,6.83,1.55,260.0,0.45,0.13,,60ml
두부김치,100ml,84,6.76,4.44,4.06,1.34,203.0,8.47,1.07,,430ml
멸치볶음,100ml,79,8.03,2.74,5.59,1.46,468.0,72.49,0.46,,90ml
멸치볶음(멸치만),100ml,114,14.9,3.41,5.15,1.72,770.0,147.45,0.62,,80ml
새송이버섯볶음,100ml,25,1.52,1.61,3.46,0.28,163.0,0.0,0.22,,55ml
오리볶음,100ml,171,10.47,11.27,7.3,2.65,254.0,52.0,3.59,,420ml
유산슬,100ml,71,9.09,1.96,4.84,0.59,461.0,44.66,0.4,,410ml
채소전,100ml,154,3.38,5.63,21.39,1.21,174.0,9.58,0.91,,110ml
파래전,100ml,197,4.74,5.03,31.77,0.83,283.0,12.99,0.84,,40ml
가지볶음,100ml,35,0.9,2.17,3.36,1.55,207.0,0.01,0.33,,60ml
건새우볶음,100ml,120,15.53,3.87,4.96,1.35,1065.0,99.51,0.64,,60ml
건표고버섯볶음,100ml,37,2.03,1.99,7.51,0.66,146.0,0.01,0.23,,80ml
닭모래집볶음,100ml,72,8.19,2.28,3.82,1.35,159.0,84.28,0.57,,200ml
오리고기로스,100ml,174,11.76,13.5,0.5,0.28,161.0,64.01,4.34,,330ml
옥돔구이,100ml,39,4.91,1.92,0.11,0.0,33.0,23.02,0.34,,230ml
옥수수구이,100ml,148,1.43,9.01,15.41,4.0,173.0,3.84,1.55,,90ml
장어구이,100ml,134,10.05,8.25,4.82,1.88,207.0,113.37,2.22,,190ml
전어구이,100ml,33,5.86,0.82,0.06,0.0,193.0,21.38,0.25,,360ml
황태구이,100ml,144,20.64,3.78,5.91,2.33,304.0,50.61,0.58,,170ml
감자전,100ml,93,1.98,3.24,13.75,0.38,69.0,4.03,0.52,,150ml
굴전,100ml,123,6.25,6.27,9.54,0.74,58.0,56.82,1.12,,200ml
녹두빈대떡,100ml,175,9.41,5.64,21.4,0.29,109.0,4.57,1.15,,210ml
동태전,100ml,109,9.74,4.99,5.08,0.11,264.0,76.09,0.93,,190ml
새송이버섯전,100ml,63,3.16,3.73,5.89,0.17,93.0,41.21,0.74,,95ml
어육소시지전,100ml,177,8.23,10.14,12.73,2.04,441.0,72.72,2.82,,80ml
장떡,100ml,197,3.67,7.64,27.28,2.26,267.0,0.0,1.16,,70ml
복찜,100ml,36,3.55,0.92,4.11,0.87,137.0,5.81,0.16,,510ml
소갈비찜,100ml,111,5.38,7.08,6.45,2.92,291.0,16.23,2.46,,750ml
해물콩나물찜,100ml,51,7.04,1.11,3.83,0.74,139.0,40.05,0.2,,850ml
홍어찜,100ml,41,7.2,0.54,1.49,0.29,267.0,29.91,0.09,,250ml
황태콩나물찜,100ml,82,10.17,1.99,6.92,1.74,244.0,19.43,0.35,,650ml
굴비구이,100ml,122,11.83,7.4,0.98,0.0,109.0,39.75,1.52,,75ml
더덕구이,100ml,108,1.86,2.14,22.34,6.76,333.0,0.0,0.27,,180ml
소내장구이,100ml,92,6.75,6.53,0.75,0.1,57.0,120.37,1.83,,260ml
버섯전골,100ml,59,4.11,3.02,4.69,1.01,144.0,10.29,1.13,,400ml
불낙전골,100ml,69,7.0,2.67,4.58,1.15,250.0,13.06,0.95,,400ml
소고기샤브샤브,100ml,46,2.95,2.04,4.08,0.4,114.0,8.24,0.78,,930ml
순대전골,100ml,76,5.61,3.18,6.28,0.68,160.0,17.49,1.22,,450ml
아귀지리,100ml,21,3.97,0.13,0.89,0.2,87.0,14.01,0.02,,540ml
알탕,100ml,46,6.82,1.03,2.29,0.55,156.0,96.76,0.15,,940ml
오리백숙,100ml,124,7.36,7.72,5.57,0.54,68.0,36.99,2.51,,810ml
오리탕,100ml,104,6.68,6.98,3.71,0.94,137.0,31.11,2.16,,840ml
가오리콩나물찜,100ml,29,2.68,0.84,3.5,0.69,111.0,4.13,0.15,,600ml
꼬막찜,100ml,30,4.01,0.54,2.19,0.62,193.0,5.68,0.09,,100ml
꽃게콩나물찜,100ml,52,5.86,1.34,5.1,0.91,209.0,12.62,0.21,,800ml
꽈리고추찜,100ml,41,1.48,0.76,7.51,0.92,155.0,0.01,0.13,,100ml
낙지찜,100ml,74,5.47,4.31,3.81,0.89,217.0,35.53,0.67,,600ml
단호박찜,100ml,41,0.93,0.16,10.04,3.63,2.0,0.0,0.03,,90ml
대구볼찜,100ml,45,4.23,1.23,5.37,1.09,143.0,12.08,0.21,,640ml
닭백숙,100ml,56,4.23,2.11,4.49,0.37,49.0,14.75,0.57,,610ml
갈치찌개,100ml,45,4.12,1.57,2.96,0.86,136.0,13.82,0.44,,390ml
개고기전골,100ml,74,5.56,5.03,2.35,0.53,109.0,8.91,1.02,,630ml
곱창전골,100ml,47,3.57,2.61,2.66,0.77,111.0,42.7,0.71,,570ml
낙지전골,100ml,35,4.19,0.6,3.56,0.96,198.0,4.49,0.14,,430ml
내장전골,100ml,58,5.41,2.88,2.89,0.72,128.0,51.72,0.84,,470ml
동태찌개,100ml,25,3.25,0.51,2.05,0.6,177.0,7.81,0.08,,610ml
돼지고기찌개,100ml,56,4.08,3.14,2.85,0.66,144.0,10.59,1.17,,360ml
두부전골,100ml,41,3.79,1.76,2.87,0.44,109.0,1.01,0.26,,370ml
매운탕,100ml,36,5.75,0.69,1.76,0.48,145.0,40.29,0.1,,930ml
간자장,100ml,155,5.39,2.81,25.98,2.83,345.0,8.44,0.61,,800ml
냉면,100ml,96,3.64,0.68,18.29,0.42,197.0,13.07,0.21,,780ml
메밀소바,100ml,86,2.49,0.32,17.96,1.44,254.0,0.0,0.08,,400ml
비빔막국수,100ml,104,3.06,0.86,21.47,3.82,256.0,1.81,0.17,,700ml
울면,100ml,85,4.29,0.97,14.05,0.76,158.0,29.64,0.24,,1020m
쟁반짜장,100ml,145,5.85,2.63,23.63,2.42,321.0,18.56,0.53,,900ml
중식우동,100ml,91,4.73,0.84,15.29,0.82,202.0,28.82,0.21,,960ml
칼국수,100ml,113,3.41,2.73,18.42,0.16,149.0,0.01,0.25,,1020m
해물칼국수,100ml,77,3.09,0.4,14.64,0.22,252.0,5.06,0.1,,1100m
돌솥비빔밥,100ml,86,2.81,2.07,13.99,1.23,116.0,29.06,0.49,,550ml
오므라이스,100ml,117,3.64,3.33,17.22,2.5,211.0,48.8,0.75,,450ml
우럭회덮밥,100ml,67,3.49,0.77,11.47,1.55,64.0,1.85,0.14,,750ml
참치덮밥,100ml,108,5.8,2.13,15.91,2.05,341.0,6.14,0.28,,580ml
참치회덮밥,100ml,76,4.73,0.81,12.14,1.65,88.0,7.44,0.19,,600ml
콩나물국밥,100ml,60,2.66,0.73,10.69,0.42,58.0,19.77,0.2,,830ml
밀크티,100g,94,2.38,2.55,15.37,12.76,55.0,9.86,2.11,0.07,100g
액상커피,100g,51,0.43,1.03,10.06,5.94,5.0,0.0,0.96,0.0,100g
고구마,100g,132,2.45,0.12,30.17,18.43,79.0,0.0,0.02,0.0,100g
팝콘,100g,511,8.3,27.34,58.06,0.38,500.0,0.49,11.05,0.06,100g
달걀,100g,150,12.8,10.65,0.63,0.62,127.0,380.51,3.02,0.03,100g
대구포,100g,141,31.97,0.4,2.33,0.0,3876.0,107.15,0.17,0.0,100g
넙치(광어)회덮밥,100ml,77,4.27,1.06,12.64,1.92,85.0,7.03,0.16,,510ml
소스/드레싱,100g,116,8.93,5.54,7.66,5.93,530.0,89.07,1.08,0.02,768g
카레소스,100g,136,9.16,8.38,6.02,2.86,264.0,149.5,1.98,0.07,386g
밀크쉐이크,100ml,113,2.43,3.88,17.01,16.57,51.0,9.1,1.65,0.02,100g
빙수,100g,141,5.97,4.35,19.6,14.98,63.0,8.26,1.37,0.04,100g
아이스크림,100g,196,3.17,6.86,30.45,25.42,79.0,9.1,3.94,0.03,100g
우유,100ml,73,2.04,2.31,11.04,10.24,23.0,6.93,1.15,0.08,100g
과ㆍ채주스,100g,29,0.36,0.04,6.88,6.81,29.0,0.0,0.01,0.0,100g
라떼,100g,76,2.97,2.56,10.33,9.41,29.0,9.96,1.42,0.09,100g
레몬청차,100g,60,0.13,0.01,14.8,16.33,3.0,0.0,0.0,0.0,100g
오이소박이,100g,37,1.93,0.59,5.92,3.1,454.0,1.44,0.12,0.0,100g
유채김치,100g,62,3.5,0.8,10.1,,926.0,,0.0,0.0,100g
유채물김치,100g,17,1.0,0.1,3.0,,452.0,,0.0,0.0,100g
총각김치,100g,42,1.92,0.29,7.89,3.0,630.0,0.0,0.05,0.0,100g
파김치,100g,49,2.5,0.58,8.51,2.8,655.0,0.0,0.11,0.0,100g
게장,100g,88,12.25,2.31,4.47,2.93,910.0,140.73,0.63,0.07,100g
명란젓,100g,147,17.96,6.54,3.98,0.0,2044.0,247.92,0.72,0.05,100g
조개젓,100g,103,8.61,2.05,12.61,6.46,3040.0,35.16,0.38,0.02,100g
고추장아찌,100g,124,2.39,0.63,31.49,11.38,2026.0,0.0,0.11,0.0,100g
들깻잎장아찌,100g,124,4.03,0.42,26.0,16.41,1809.0,0.0,0.06,0.0,100g
마늘장아찌,100g,113,2.43,0.16,25.36,15.03,1127.0,0.0,0.04,0.0,100g
마늘쫑장아찌,100g,118,1.96,0.14,27.34,13.02,1410.0,0.0,0.04,0.0,100g
매실장아찌,100g,243,1.65,0.43,58.11,38.16,1126.0,0.0,0.08,0.0,30g
무장아찌,100g,80,1.47,0.76,16.76,9.62,2933.0,0.13,0.04,0.0,30g
오이지,100g,29,0.82,1.79,2.52,1.87,2370.0,0.0,0.03,0.0,100g
회무침,100g,105,7.53,1.53,15.3,7.43,400.0,22.57,0.17,0.0,300g
갓김치,100g,37,3.26,0.4,7.07,2.46,720.0,0.0,0.08,0.01,100g
고들빼기김치,100g,111,3.16,1.22,21.87,5.69,1485.0,5.95,0.14,0.0,50g
깍두기,100g,40,1.36,0.21,8.27,3.22,523.0,0.0,0.03,0.0,
깻잎김치,100g,83,3.44,2.44,11.77,5.79,836.0,1.26,0.41,0.01,100g
동치미,100g,11,0.49,0.07,2.08,1.19,472.0,0.0,0.01,0.0,100g
배추김치,100g,38,1.98,0.43,6.49,2.4,551.0,0.0,0.07,0.0,100g
백김치,100g,16,0.95,0.07,3.0,1.04,395.0,0.0,0.01,0.01,100g
부추김치,100g,71,3.03,2.83,8.42,5.14,670.0,0.7,0.28,0.01,100g
얼갈이배추김치,100g,30,1.88,0.58,4.37,1.15,581.0,0.0,0.09,0.0,100g
열무김치,100g,36,2.39,0.38,5.87,0.68,583.0,0.0,0.06,0.0,100g
열무물김치,100g,18,1.41,0.07,2.91,1.68,493.0,0.0,0.02,0.0,100g
열무얼갈이김치,100g,35,2.15,0.66,5.22,0.91,680.0,2.07,0.08,0.0,50g
묵무침,100g,46,0.29,0.32,10.38,0.43,124.0,0.0,0.03,0.0,100g
물회,100g,76,4.91,2.7,7.9,2.86,299.0,17.18,0.4,0.01,700g
미역초무침,100g,63,2.19,0.48,12.57,8.29,597.0,1.14,0.04,0.0,100g
밴댕이무침,100g,150,7.45,8.25,11.5,6.75,257.0,25.38,1.15,0.05,400g
쑥갓나물무침,100g,64,3.0,3.8,4.4,0.2,473.0,0.03,0.47,0.0,150g
탕평채,100g,97,3.55,3.81,12.26,0.39,260.0,47.24,0.73,0.03,100g
파무침,100g,82,2.31,3.36,10.65,7.08,502.0,9.77,0.42,0.03,100g
홍어무침,100g,99,8.93,1.32,12.98,7.23,401.0,28.51,0.18,0.0,200g
탕수육,100g,227,12.36,10.67,20.47,7.37,399.0,22.22,4.06,0.07,790g
고구마줄기나물,100g,97,1.64,7.46,5.77,1.65,473.0,0.55,0.98,0.07,100g
깻잎나물볶음,100g,103,3.75,7.2,5.75,0.3,521.0,0.0,0.85,0.05,200g
머위나물무침,100g,85,1.62,7.66,2.49,0.44,452.0,0.0,0.82,0.06,100g
미나리나물,100g,59,2.03,3.67,4.48,0.0,301.0,0.0,0.5,0.02,50g
세발나물무침,100g,78,3.01,4.25,7.05,3.67,701.0,0.0,0.59,0.12,100g
우거지나물무침,100g,86,3.0,5.67,5.8,1.0,515.0,0.87,0.67,0.07,150g
취나물무침,100g,148,2.75,12.31,6.61,0.0,564.0,0.0,1.68,0.05,50g
냉채,100g,61,4.13,0.93,8.93,7.6,339.0,26.89,0.2,0.0,150g
노각무침,100g,56,1.73,1.2,9.53,4.73,545.0,0.0,0.13,0.0,150g
달래무침,100g,91,2.67,1.87,15.87,7.47,578.0,0.0,0.2,0.0,150g
돈가스,100g,262,14.46,17.97,10.71,3.11,322.0,27.73,3.96,0.12,319g
라조기,100g,199,10.33,11.75,13.12,0.08,324.0,45.29,2.57,0.08,200g
멘보샤,100g,289,10.52,21.6,13.22,1.0,696.0,69.91,3.57,0.14,100g
미꾸라지튀김,100g,387,10.89,25.39,28.85,0.3,324.0,50.15,3.89,0.15,100g
복어튀김,100g,320,13.84,19.27,22.88,0.6,284.0,30.03,2.95,0.15,100g
북어강정,100g,379,19.22,22.07,25.82,12.17,709.0,53.82,3.09,0.16,100g
양파링튀김,100g,411,3.86,25.23,43.58,5.43,776.0,0.0,4.19,0.16,100g
쥐포튀김,100g,357,9.62,16.49,42.5,7.96,717.0,28.7,2.29,0.1,100g
치즈볼,100g,333,9.56,20.0,28.66,5.48,532.0,23.23,7.33,0.48,100g
치즈스틱,100g,329,12.59,21.85,20.57,1.84,596.0,22.2,7.53,0.14,100g
치킨가스,100g,296,13.96,16.96,22.01,2.08,390.0,36.48,4.21,0.13,200g
조기조림,100g,128,13.7,6.27,4.27,1.5,590.0,76.06,1.67,0.03,300g
콩조림(콩자반),100g,271,19.3,4.2,39.1,,1067.0,,0.0,0.0,100g
감자튀김,100g,269,5.54,17.74,21.78,3.56,334.0,11.18,3.37,0.08,587g
고추튀김,100g,202,7.6,12.6,14.6,2.3,249.0,35.91,2.7,0.1,100g
김말이튀김,100g,195,2.05,7.2,30.51,1.88,460.0,0.0,1.04,0.08,
깐풍새우,100g,240,8.15,13.86,20.56,7.2,531.0,61.48,2.04,0.1,100g
닭모래집튀김,100g,312,18.73,17.73,19.4,1.2,215.0,167.94,2.73,0.13,150g
닭튀김,100g,301,21.73,16.57,16.27,0.5,415.0,59.31,4.33,0.13,300g
주꾸미삼겹살,100g,161,10.11,8.66,10.66,5.41,280.0,70.76,2.29,0.03,100g
해물볶음,100g,105,9.55,3.83,8.05,1.85,439.0,82.4,0.53,0.03,400g
닭볶음탕,100g,107,6.66,4.21,10.62,4.29,359.0,45.41,1.08,0.06,1254g
동태조림,100g,110,16.32,1.88,6.96,4.08,557.0,87.38,0.44,0.08,250g
북어조림,100g,182,20.83,3.33,17.14,8.2,766.0,99.63,0.67,0.05,100g
마파두부,100g,129,7.42,9.0,4.62,2.02,366.0,4.92,1.66,0.03,742g
머위나물볶음,100g,72,2.33,4.67,5.07,1.2,479.0,0.0,0.53,0.0,150g
버섯볶음,100g,91,3.0,5.53,7.33,0.8,343.0,0.0,0.93,0.0,150g
화양적,100g,182,9.05,9.85,14.23,0.81,531.0,82.17,2.55,0.06,150g
감바스,100g,224,11.48,11.38,19.0,1.46,822.0,35.59,1.96,0.01,641g
곱창볶음,100g,235,17.2,11.13,16.33,3.67,520.0,31.83,3.27,0.07,150g
난자완스,100g,173,10.81,10.17,9.57,0.25,352.0,38.38,2.3,0.12,200g
두부전,100g,170,13.64,10.58,5.0,0.02,211.0,2.19,1.34,0.03,150g
미나리전,100g,151,3.49,5.08,22.82,1.16,166.0,7.92,0.82,0.04,150g
배추전,100g,160,3.44,5.78,23.68,3.35,218.0,4.82,0.92,0.05,150g
버섯전,100g,160,7.02,9.91,10.8,1.83,209.0,66.73,1.53,0.04,150g
새우전,100g,188,9.99,11.33,11.57,1.87,349.0,131.08,1.95,0.06,100g
생선전,100g,154,17.17,7.38,4.61,0.2,546.0,117.51,1.5,0.04,150g
소고기산적,100g,227,24.2,12.78,3.67,0.0,696.0,67.42,3.53,0.44,200g
소라산적,100g,150,22.4,3.14,8.06,1.06,496.0,125.43,0.47,0.02,80g
오징어산적,100g,127,21.72,2.47,4.5,1.14,596.0,292.81,0.34,0.0,80g
완자전,100g,206,13.08,13.33,8.45,0.65,369.0,68.84,3.1,0.08,150g
해물파전,100g,205,6.81,12.09,17.29,2.02,295.0,40.31,1.16,0.05,1330g
햄부침,100g,244,11.3,17.1,11.3,1.0,716.0,72.11,4.4,0.1,100g
홍합산적,100g,196,22.23,6.0,13.22,4.17,900.0,75.89,1.04,0.05,80g
차돌박이구이,100g,488,17.94,45.69,1.31,0.33,93.0,47.28,16.24,3.79,100g
콘치즈구이,100g,224,9.51,12.85,17.56,7.31,313.0,22.06,4.5,0.11,100g
함박스테이크,100g,189,9.9,10.46,13.88,4.64,344.0,25.8,3.56,0.07,593g
훈제오리,100g,319,17.22,25.63,4.83,0.11,488.0,68.4,6.39,0.16,250g
고추전,100g,183,8.61,11.48,11.34,1.45,241.0,52.54,2.35,0.06,150g
깻잎전,100g,241,11.82,17.18,9.7,0.71,320.0,87.86,3.62,0.1,150g
꼬치구치,100g,94,16.43,1.59,3.53,0.0,259.0,167.18,0.17,0.01,80g
두부부침,100g,144,12.13,9.4,2.69,0.33,132.0,4.35,1.5,0.05,100g
막창구이,100g,358,15.34,32.73,0.4,1.36,162.0,109.41,12.11,1.2,100g
스테이크,100g,153,11.09,8.36,8.47,4.52,145.0,33.88,3.31,0.09,477g
연어구이,100g,234,24.78,14.94,0.2,0.55,158.0,44.98,2.17,0.08,100g
오겹살구이,100g,408,20.18,35.14,2.72,0.72,76.0,45.6,10.23,0.24,100g
임연수구이,100g,198,21.52,11.76,1.4,0.0,628.0,85.04,2.44,0.68,250g
족발,100g,220,28.91,11.65,0.0,0.28,332.0,92.54,3.77,0.04,100g
해물찜,100g,88,6.63,3.53,7.52,6.3,491.0,31.97,0.26,0.01,844g
갈매기살구이,100g,312,26.98,22.6,0.28,0.0,124.0,96.84,9.82,0.05,100g
갈비구이,100g,294,19.58,21.39,5.78,5.7,389.0,59.95,7.61,0.09,100g
꼬치구이,100g,252,16.52,12.24,19.07,4.5,410.0,44.92,3.31,0.06,70g
꿩불고기,100g,74,6.7,1.7,7.94,3.38,253.0,21.24,0.38,0.02,500g
닭튀김(치킨),100g,276,17.75,13.4,21.15,6.25,403.0,68.9,2.7,0.1,200g
대창구이,100g,595,9.11,60.25,4.05,1.13,126.0,51.05,25.6,2.47,100g
돼지껍데기구이,100g,348,23.74,26.64,3.37,3.42,475.0,35.76,9.08,0.58,100g
대구찜,100g,75,10.34,1.58,4.94,1.14,380.0,52.66,0.22,0.0,500g
동태찜,100g,79,10.18,1.94,5.16,1.14,397.0,56.84,0.32,0.02,500g
동파육,100g,191,8.99,15.41,4.15,0.74,299.0,31.6,4.4,0.1,100g
돼지고기,100g,164,29.36,4.44,1.56,0.2,62.0,386.25,1.83,0.03,100g
돼지등갈비찜,100g,214,16.02,10.93,12.76,5.36,532.0,44.35,3.58,0.07,450g
북어찜,100g,157,18.73,3.8,12.0,4.27,601.0,102.07,0.6,0.07,150g
붕어찜,100g,76,4.94,3.35,6.51,1.47,359.0,16.93,0.53,0.03,1100g
수란,100g,145,12.3,11.7,0.2,,110.0,420.0,3.21,0.0,100g
순대,100g,181,6.52,8.55,19.45,1.17,340.0,6.41,2.43,0.04,300g
아귀찜,100g,77,6.68,2.79,6.37,1.67,261.0,46.6,0.36,0.04,1557g
오징어순대,100g,133,13.06,1.6,16.66,0.11,360.0,147.84,0.4,0.0,350g
조기찜,100g,182,20.06,10.59,1.64,0.0,602.0,138.43,2.85,0.08,100g
해물탕,100g,33,4.11,0.96,2.02,0.86,402.0,53.93,0.11,0.0,1216g
해신탕,100g,57,7.93,1.88,2.03,0.41,266.0,51.03,0.38,0.0,100g
호박찌개,100g,32,1.87,0.87,4.07,1.93,341.0,3.09,0.13,0.0,300g
훠궈,100g,93,4.81,5.11,6.83,1.13,390.0,9.65,0.97,0.07,100g
갈비찜,100g,172,20.43,6.57,7.9,3.57,380.0,54.43,2.67,0.17,300g
꼬막무침,100g,107,8.34,4.72,7.69,4.28,516.0,29.88,0.64,0.03,100g
불고기전골,100g,104,5.96,4.34,10.38,5.3,296.0,19.49,1.18,0.4,803g
샤브샤브,100g,34,2.71,1.26,2.99,2.36,239.0,5.6,0.09,0.01,1686g
소고기전골,100g,37,3.39,1.96,1.41,0.42,232.0,5.6,0.19,0.01,1613g
만두전골,100g,57,3.61,2.23,5.55,0.7,250.0,5.84,0.55,0.01,100g
밀푀유나베,100g,55,4.13,3.11,2.52,1.5,397.0,7.99,0.39,0.06,1269g
버섯찌개,100g,42,3.68,1.3,3.85,1.1,323.0,4.14,0.33,0.03,400g
꽁치찌개,100g,118,8.0,7.77,4.07,1.97,432.0,21.11,1.63,0.97,300g
나베,100g,170,5.41,9.52,15.71,3.53,413.0,39.77,1.46,0.06,1166g
된장찌개,100g,110,7.71,6.33,5.44,1.73,381.0,5.22,1.46,0.16,695g
두부찌개,100g,55,5.4,2.7,2.4,0.57,374.0,3.57,0.53,0.0,300g
마라탕,100g,88,4.64,5.15,5.72,1.92,425.0,7.02,0.94,0.02,873g
어탕,100g,57,8.47,2.06,1.21,0.0,323.0,35.04,0.29,0.01,150g
연포탕,100g,54,9.49,0.9,2.02,0.02,234.0,105.75,0.18,0.01,1000g
올갱이국,100g,24,2.28,0.7,2.17,0.27,336.0,14.23,0.13,0.0,600g
전복탕,100g,33,4.47,0.5,2.63,0.22,296.0,48.56,0.1,0.0,600g
조개국,100g,29,4.0,0.56,1.84,0.24,290.0,16.25,0.11,0.0,550g
지리탕,100g,44,6.93,1.03,1.65,0.25,246.0,47.18,0.18,0.02,600g
초당순두부,100g,58,5.46,3.24,1.76,0.1,134.0,0.0,0.42,0.0,900g
해장국,100g,71,7.46,3.57,2.34,0.57,309.0,32.17,1.43,0.01,1000g
홍합탕,100g,29,3.68,0.57,2.28,0.0,303.0,25.13,0.14,0.01,100g
황태해장국,100g,30,4.08,1.13,0.95,0.25,256.0,25.05,0.18,0.0,600g
무국물,100g,3,0.16,0.0,0.55,0.36,2.0,0.0,0.0,0.0,
고등어찌개,100g,100,8.15,5.62,4.27,1.23,431.0,26.01,1.18,0.05,600g
매생이국,100g,24,2.0,0.56,2.68,0.08,284.0,1.32,0.12,0.02,500g
묵말이,100g,36,0.52,0.65,6.9,0.48,247.0,0.0,0.09,0.0,1300g
새우탕,100g,56,2.85,0.45,10.07,0.91,254.0,12.68,0.05,0.01,1589g
소탕,100g,58,5.1,3.57,1.27,0.02,236.0,0.0,0.39,0.01,150g
순대국,100g,68,5.44,4.13,2.16,0.0,188.0,30.75,1.37,0.02,800g
아구탕,100g,41,6.3,0.82,2.13,0.3,311.0,53.16,0.13,0.0,600g
쌀죽(흰죽),100g,52,1.33,0.15,11.43,0.0,29.0,0.0,0.05,0.0,100g
어죽,100g,69,2.55,0.94,12.6,1.23,263.0,4.43,0.21,0.0,800g
율무죽,100g,77,3.26,0.98,13.75,0.1,1.0,0.0,0.15,0.0,100g
잣죽,100g,125,2.74,2.8,22.18,0.34,126.0,0.0,0.28,0.03,700g
참깨죽,100g,38,1.0,1.2,5.9,,120.0,,0.0,0.0,100g
참치죽,100g,82,3.02,2.01,13.07,0.17,168.0,5.0,0.23,0.01,800g
채소죽,100g,70,1.15,1.39,13.3,0.4,143.0,0.0,0.23,0.01,100g
현미죽,100g,64,1.2,0.4,15.2,0.4,1.0,0.0,0.09,0.0,100g
게국지,100g,38,4.08,1.1,2.88,0.98,368.0,35.29,0.18,0.02,1100g
곰치국,100g,42,5.43,1.18,2.39,0.28,380.0,47.65,0.14,0.01,1000g
곰탕,100g,61,6.47,1.23,6.03,0.17,239.0,16.8,0.5,0.03,300g
낙지탕,100g,31,4.9,0.53,1.73,0.32,284.0,48.74,0.07,0.0,600g
콩국수,100g,100,4.61,3.83,11.69,0.76,97.0,2.7,0.36,0.0,100g
탄탄면,100g,174,5.73,7.4,21.0,3.1,339.0,6.52,1.02,0.04,599g
팟타이,100g,231,7.04,12.58,22.5,9.13,443.0,4.68,3.62,0.31,576g
게살죽,100g,71,2.24,0.89,13.42,0.02,182.0,6.27,0.26,0.01,800g
깨죽,100g,64,1.71,1.99,9.91,0.45,145.0,0.0,0.35,0.0,800g
미음,100g,19,0.3,0.0,4.7,0.0,0.0,0.0,0.0,0.0,100g
백합죽,100g,65,2.36,0.8,12.1,0.0,142.0,4.59,0.19,0.0,700g
소고기버섯죽,100g,72,2.34,0.93,13.63,0.03,158.0,3.26,0.34,0.02,800g
스프,100g,98,1.91,6.54,7.91,3.6,196.0,11.3,3.14,0.09,100g
월남쌈,100g,150,7.22,5.81,17.1,7.71,254.0,17.07,1.63,0.03,733g
짬뽕,100g,62,2.82,1.62,8.96,0.9,341.0,12.79,0.36,0.01,2152g
쌀국수,100g,53,2.6,0.7,9.18,0.72,275.0,5.6,0.23,0.02,600g
올갱이국수,100g,38,0.75,0.55,7.44,1.24,258.0,0.0,0.1,0.0,1500g
볶음면,100g,190,6.55,12.1,13.81,3.86,367.0,15.33,2.94,0.58,470g
분짜,100g,136,5.91,3.66,19.75,5.47,398.0,17.97,1.15,0.01,100g
비빔국수,100g,113,3.4,2.1,20.0,,337.0,,0.0,0.0,100g
비빔면,100g,153,5.7,5.48,20.17,4.33,373.0,7.97,1.06,0.03,1154g
수제비,100g,83,2.88,1.34,14.83,0.83,415.0,0.0,0.19,0.02,1494g
라면,100g,19,0.44,0.96,2.08,0.0,380.0,0.0,0.45,0.01,100g
만두,100g,208,9.38,6.58,27.79,0.49,261.0,7.35,2.41,0.03,100g
밀면,100g,71,2.46,0.5,14.19,3.68,303.0,7.37,0.15,0.0,100g
매작과,100g,413,7.51,13.15,66.11,16.42,99.0,33.42,2.35,0.1,30g
산자,100g,366,2.31,3.09,82.17,31.35,23.0,0.0,0.09,0.0,30g
약과,100g,399,4.2,4.75,84.89,16.89,57.0,0.0,1.22,0.04,30g
유과,100g,424,2.81,12.83,74.23,24.15,23.0,0.0,1.37,0.04,30g
국수,100g,50,2.15,0.8,8.67,1.38,354.0,14.83,0.18,0.0,600g
기스면,100g,61,3.78,1.07,8.98,0.05,276.0,41.65,0.21,0.0,1000g
라멘,100g,91,3.82,5.09,7.38,1.17,427.0,21.5,0.71,0.01,1669g
앙금빵,100g,372,7.0,19.72,41.64,16.29,221.0,31.27,10.53,0.39,100g
케이크,100g,420,5.31,24.96,43.6,23.13,170.0,50.84,14.39,0.38,100g
크로켓(고로케),100g,301,7.13,16.38,31.19,3.37,403.0,41.89,3.59,0.15,100g
파이/만주,100g,318,7.33,2.34,66.86,32.07,169.0,22.39,1.3,0.06,70g
페이스트리,100g,457,8.56,26.28,46.45,8.21,423.0,24.21,17.24,0.84,70g
프레즐,100g,312,8.37,6.45,55.14,7.94,215.0,19.78,4.25,0.11,100g
피자,100g,253,13.7,8.35,30.6,4.6,458.0,22.85,4.65,0.2,200g
핫도그,100g,341,7.98,23.23,24.95,3.95,398.0,12.64,3.44,0.05,100g
햄버거,100g,225,11.04,13.12,15.64,5.18,323.0,29.58,3.73,0.29,100g
찹쌀떡,100g,277,3.26,0.15,65.61,17.54,226.0,0.0,0.15,0.0,100g
다식,100g,369,8.3,4.48,73.97,26.65,13.0,0.0,0.89,0.01,30g
다쿠아즈,100g,447,8.33,26.65,43.39,38.13,51.0,39.99,12.93,0.23,100g
도넛,100g,296,5.04,5.26,57.07,17.32,347.0,1.65,2.79,0.06,70g
마카롱,100g,480,6.92,30.11,45.23,41.94,47.0,26.1,14.96,0.26,100g
버터크림빵,100g,383,8.18,18.41,46.23,11.99,319.0,29.69,14.06,0.46,60g
샌드위치,100g,250,16.28,11.19,20.89,3.64,753.0,35.0,2.12,0.03,100g
소보로빵,100g,396,9.02,13.25,60.22,16.76,289.0,33.7,6.61,0.3,70g
식빵,100g,279,9.33,5.26,48.64,4.49,660.0,11.48,2.67,0.06,100g
무지개떡,100g,229,3.53,0.31,53.01,8.99,277.0,0.0,0.16,0.0,100g
백설기,100g,224,3.78,0.9,50.28,7.79,290.0,0.0,0.19,0.0,100g
빙떡(메밀전병),100g,168,6.18,6.29,21.62,0.62,346.0,8.05,1.19,0.04,100g
송편,100g,200,6.9,0.8,41.2,,463.0,,0.0,0.0,100g
수수경단,100g,218,8.2,1.4,43.1,,238.0,,0.0,0.0,100g
수수부꾸미,100g,248,5.73,6.29,42.1,0.24,261.0,0.0,0.97,0.03,100g
수수팥떡,100g,204,6.7,0.59,43.03,2.82,242.0,0.0,0.16,0.0,100g
시루떡,100g,217,5.47,0.61,47.54,3.22,278.0,0.0,0.24,0.0,100g
쑥떡,100g,249,3.36,0.4,57.89,10.72,254.0,0.0,0.2,0.0,100g
약식,100g,220,4.44,2.32,45.43,10.21,233.0,0.0,0.37,0.01,
인절미,100g,231,5.52,1.15,49.69,2.81,337.0,0.0,0.23,0.01,100g
절편,100g,197,3.82,0.8,43.58,0.08,258.0,0.0,0.25,0.0,100g
찰시루떡,100g,181,6.63,0.41,37.63,1.22,182.0,0.0,0.13,0.0,100g
충무김밥,100g,146,5.86,1.49,27.29,4.3,324.0,39.21,0.27,0.01,400g
캘리포니아롤,100g,163,4.11,3.02,29.74,2.97,432.0,21.99,0.71,0.02,300g
콩밥,100g,173,4.38,0.39,38.04,0.1,25.0,0.0,0.14,0.0,100g
회덮밥,100g,137,6.04,3.31,20.66,2.19,149.0,17.73,0.58,0.02,500g
가래떡,100g,210,4.0,1.08,46.11,0.06,250.0,0.0,0.22,0.0,100g
개피떡(바람떡),100g,206,5.32,0.81,44.3,7.62,286.0,0.0,0.26,0.01,100g
경단,100g,319,4.44,0.54,74.22,26.64,180.0,0.0,0.46,0.0,100g
기피편,100g,220,5.45,0.25,48.99,2.08,281.0,0.0,0.13,0.0,100g
모듬찰떡,100g,233,6.31,4.12,42.59,3.12,203.0,0.0,0.65,0.01,
모싯잎송편,100g,190,5.65,0.66,40.29,3.18,262.0,0.0,0.24,0.0,100g
김밥,100g,170,6.44,5.89,22.73,1.46,353.0,33.89,1.07,0.05,100g
누룽지,100g,69,1.32,0.1,15.06,1.15,13.0,0.0,0.04,0.0,100g
덮밥,100g,97,3.04,2.34,15.93,0.38,280.0,8.03,0.46,0.02,600g
리소토/리조또,100g,187,3.11,12.29,15.9,2.09,253.0,9.86,6.24,0.05,888g
묵밥,100g,68,1.56,0.81,13.54,1.59,218.0,4.49,0.16,0.0,950g
과일,100g,43,0.47,,,7.07,18.0,,0.0,,150g
견과,100g,550,17.5,37.5,37.5,17.5,5.0,0.0,3.75,0.0,40g
계란덮밥,100g,143,4.31,2.82,25.14,3.07,223.0,45.54,0.61,0.01,100g
곤드레나물밥,100g,149,2.94,2.71,28.26,0.0,26.0,0.0,0.26,0.0,350g
국밥,100g,52,3.45,1.03,7.33,0.05,288.0,5.98,0.34,0.03,800g
귀리밥,100g,162,3.9,0.87,34.54,0.09,0.0,0.0,0.16,0.0,100g
자몽홍차,100ml,43,0.23,0.01,10.45,9.32,2.0,0.0,0.0,0.0,500g
자몽차,100ml,28,0.17,,5.58,4.4,1.0,,0.0,,591g
유자차,100ml,50,0.0,,,11.69,11.0,,0.0,,473g
우롱차,100ml,4,0.03,,,0.73,1.0,,0.0,,586.6
오미자차,100ml,44,0.03,,,9.14,1.0,,0.0,,360g
사과차,100ml,39,0.02,,,7.88,34.0,,0.0,,591g
생강차,100ml,54,0.03,,,12.56,11.0,,0.0,,360g
뱅쇼,100ml,28,0.0,,,6.92,3.0,,0.0,,390g
복숭아홍차,100ml,31,0.0,,,7.34,1.0,,0.0,,354g
밀크티/버블티,100ml,82,1.43,,,10.85,24.0,,1.22,,638g
레몬차,100ml,33,0.06,0.0,7.18,6.55,0.0,0.0,0.0,0.0,500g
레몬홍차,100ml,18,0.01,,,4.17,0.0,,0.0,,600g
마테차,100ml,1,0.0,,,,1.0,,0.0,,360g
미숫가루,100ml,139,4.79,,,9.3,24.0,,1.41,,355g
녹차,100ml,1,0.0,,,0.0,1.0,,0.0,,354g
대추차,100ml,30,0.0,,,6.49,3.0,,0.0,,385g
기타차,100ml,53,0.12,0.15,12.57,10.35,1.0,0.0,0.01,0.0,500g
꿀차,100ml,22,0.0,,,4.79,0.0,,0.0,,355g
귤차,100ml,27,0.08,,,6.26,0.0,,0.0,,591g
기타음료,100ml,39,0.07,,,6.45,1.0,,0.0,,710g
요구르트(호상),100ml,154,3.43,,,17.71,51.0,,1.43,,175g
치즈,100g,273,8.96,,,16.42,570.0,,8.96,,67g
요구르트(액상),100ml,75,1.73,0.55,15.8,15.6,33.0,3.64,0.36,0.01,100g
샤베트,100g,45,0.11,,11.09,10.3,5.0,,,,470g
새우튀김,100g,295,6.1,,,1.18,756.0,,3.55,,100g
오징어튀김,100g,166,9.84,,,3.71,416.0,,5.88,,100g
우유튀김,100g,250,3.0,,,15.0,250.0,,1.0,,100g
떡강정,100g,232,7.71,,,0.97,297.0,,2.32,,100g
닭껍데기튀김,100g,616,20.42,,,0.67,938.0,,9.99,,100g
닭발튀김,100g,448,17.63,,,1.88,783.0,,5.93,,100g
북어튀김,100g,344,58.62,,,21.19,1183.0,,0.6,,100g
허니브레드,100g,308,6.09,,,7.17,338.0,,7.53,,279g
호떡,100g,250,7.14,,,5.71,310.0,,3.0,,70g
호밀빵,100g,273,5.91,,,19.09,215.0,,0.18,,220g
닭다리튀김,100g,239,24.23,,,2.4,325.0,,2.23,,100g
닭발구이,100g,235,17.0,,17.0,6.0,630.0,0.0,2.1,,100g
감자그라탕,100g,341,10.91,,,11.82,409.0,,6.36,,110g
미트볼조림,100g,108,4.7,5.1,10.7,4.7,293.0,,1.8,,370g
크로플,100g,217,3.54,10.61,15.53,9.9,116.0,12.0,1.33,0.0,100g
초콜릿,100g,611,9.09,,40.0,36.36,64.0,,18.18,,55g
캔디,100g,392,0.0,,,68.0,10.0,,0.0,,50g
소금빵,100g,325,8.33,11.67,46.67,3.33,650.0,0.0,6.83,0.0,60g
비스킷/쿠키/크래커,100g,518,6.4,,72.81,38.52,346.0,0.31,8.9,,62g
시리얼,100g,445,12.0,,,37.5,11.0,,7.5,,40g
웨이퍼,100g,528,7.0,31.0,55.0,36.0,85.0,0.0,21.0,0.62,50g
젤리,100g,350,0.0,,,58.33,303.0,,0.0,,60g
효모빵,100g,271,7.04,3.17,54.93,13.38,338.0,0.0,1.2,0.0,142g
피자빵,100g,259,10.34,,,6.21,372.0,,6.21,,145g
카스텔라,100g,352,33.33,,,33.33,133.0,,5.0,,120g
치즈빵,100g,289,8.33,17.26,25.0,5.36,411.0,17.86,4.17,0.0,168g
치아바타,100g,278,10.0,,,4.0,700.0,,0.0,,50g
츄러스,100g,356,1.71,11.1,56.95,16.59,434.0,0.0,3.05,0.0,82g
와플,100g,426,5.26,,,21.05,213.0,,10.53,,38g
찰떡빵,100g,301,7.14,,,16.07,268.0,,4.17,,168g
야채빵,100g,332,12.0,,,8.0,451.0,,1.2,,317g
스콘,100g,571,12.22,,,21.11,479.0,,6.67,,90g
소세지빵,100g,292,12.8,,,2.4,728.0,,3.68,,125g
베이글,100g,300,7.18,13.33,36.92,9.23,472.0,38.46,8.21,0.0,195g
팥빵,100g,290,7.5,,,3.5,152.0,58.5,1.8,0.0,20g
토스트,100g,321,5.26,13.68,43.16,9.47,398.0,31.58,7.37,1.05,95g
타르트,100g,400,4.21,,,16.84,316.0,,6.32,,95g
크림빵,100g,294,4.8,,,16.8,172.0,,4.8,,125g
크로와상,100g,453,7.55,26.42,45.28,9.43,415.0,0.0,16.98,0.0,53g
번,100g,343,9.2,9.2,54.02,12.64,297.0,,5.75,,87g
버거,100g,217,12.21,,,3.29,392.0,,2.35,,213g
버터빵,100g,339,8.2,,,1.3,454.0,,11.1,,50g
바게트,100g,323,6.83,11.8,45.96,10.56,441.0,21.74,4.97,0.31,161g
모닝빵,100g,383,8.33,17.42,49.24,12.88,288.0,2.65,7.58,0.0,132g
머핀,100g,440,7.0,23.0,51.0,29.0,530.0,36.0,6.0,0.0,100g
롤빵,100g,402,4.35,,,18.48,196.0,,16.3,,92g
마늘빵,100g,327,6.0,13.33,44.0,16.0,333.0,10.0,4.67,0.23,150g
또띠아,100g,214,15.0,,,0.0,218.0,,0.71,,140g
기타빵,100g,358,8.0,,,14.8,252.0,,7.2,,250g
깨찰빵,100g,302,4.0,,,4.0,560.0,,4.4,,50g
감자빵,100g,244,3.13,,,5.0,400.0,,3.75,,160g
건포도빵,100g,311,7.53,,,9.25,355.0,,0.97,,465g
계란빵,100g,313,2.0,,,18.0,361.0,,6.0,,100g
오징어젓,100g,60,10.1,0.7,3.4,2.4,2151.0,144.7,0.2,0.0,10g
꽃게장,100g,62,7.02,1.1,6.04,4.21,1089.0,48.91,0.16,0.0,250g
단무지,100g,13,0.33,0.2,2.4,0.47,552.0,0.0,0.03,0.0,30g
더덕장아찌,100g,141,4.47,0.89,28.9,15.38,1167.0,0.0,0.23,0.0,90g
무짠지,100g,11,0.54,0.12,1.98,1.58,2382.0,0.0,0.02,0.0,50g
무초절임(치킨무),100g,17,0.52,0.3,3.05,1.75,189.0,0.0,0.02,0.0,130g
오이장아찌,100g,14,0.36,0.28,2.54,1.04,740.0,0.0,0.04,0.0,50g
육회,100g,130,9.93,6.43,8.12,5.29,418.0,28.09,2.11,0.08,150g
피조개무침,100g,52,4.71,0.95,6.07,3.72,223.0,14.87,0.18,0.01,100g
해초무침,100g,39,0.95,0.16,8.52,3.95,862.0,0.0,0.06,0.0,100g
나박김치,100g,10,0.46,0.38,1.15,0.34,377.0,0.0,0.02,0.0,100g
물김치,100g,5,0.31,0.08,0.75,0.35,237.0,0.0,0.01,0.0,400g
보쌈김치,100g,30,2.19,0.72,3.73,1.69,661.0,5.98,0.04,0.0,90g
오이김치,100g,38,2.06,0.8,5.64,2.37,466.0,0.0,0.11,0.0,70g
가자미식해,100g,134,11.09,4.81,11.64,3.71,685.0,73.81,0.7,0.03,250g
갈치젓,100g,149,15.53,5.08,10.28,4.91,5023.0,112.27,1.87,0.03,90g
멸치젓,100g,90,11.4,1.6,7.4,0.6,6667.0,117.6,0.8,0.0,5g
새우젓,100g,69,7.1,1.8,6.0,0.5,7402.0,69.8,0.3,0.0,10g
양장피,100g,133,7.3,6.63,10.95,0.44,496.0,65.89,1.21,0.03,220g
오이무침,100g,31,1.95,0.39,5.01,4.15,1070.0,0.0,0.08,0.0,100g
오징어채무침,100g,258,23.6,5.53,28.41,18.71,1803.0,227.73,0.99,0.03,80g
톳나물무침,100g,75,1.87,2.09,12.28,6.94,600.0,0.0,0.3,0.01,90g
풋고추된장무침,100g,124,2.37,7.35,12.0,8.43,183.0,0.0,1.07,0.04,100g
다시마무침,100g,48,2.57,1.18,6.8,0.0,2759.0,13.03,0.28,0.0,90g
두릅무침,100g,67,2.16,3.01,7.89,4.54,205.0,0.0,0.42,0.0,90g
마늘쫑무침,100g,106,2.73,4.93,12.77,7.47,313.0,0.0,0.63,0.03,30g
미나리무침,100g,46,1.31,2.13,5.41,2.24,765.0,0.0,0.3,0.01,90g
민들레잎무침,100g,81,2.69,2.33,12.32,8.16,248.0,0.0,0.21,0.01,90g
버섯무침,100g,59,2.74,3.77,3.44,0.09,311.0,0.0,0.46,0.01,150g
토란대나물무침,100g,68,5.14,3.38,4.22,0.39,222.0,24.41,0.46,0.02,90g
호박오가리나물무침,100g,201,6.14,10.01,21.46,6.82,1849.0,0.0,1.65,0.13,100g
가죽나물무침,100g,76,5.83,1.35,10.05,3.81,276.0,0.0,0.19,0.01,80g
겉절이,100g,55,2.28,2.14,6.58,1.3,328.0,2.9,0.42,0.06,50g
굴무침,100g,77,6.68,2.31,7.3,2.74,204.0,28.38,0.61,0.03,80g
낙지무침,100g,77,12.41,1.24,3.96,0.14,340.0,136.42,0.17,0.0,180g
고사리나물무침,100g,90,3.78,5.52,6.28,0.5,441.0,0.0,0.7,0.02,50g
고춧잎나물무침,100g,88,4.41,4.69,7.14,1.51,797.0,0.0,0.74,0.09,90g
도라지나물무침,100g,130,2.48,7.52,13.12,0.9,411.0,0.0,1.0,0.04,50g
돌나물무침,100g,69,1.66,3.18,8.3,5.26,360.0,0.0,0.5,0.06,50g
머위대나물무침,100g,58,3.96,2.56,4.76,0.34,363.0,25.22,0.32,0.02,50g
무나물무침,100g,21,0.62,0.46,3.64,3.3,352.0,0.0,0.04,0.0,50g
방풍나물무침,100g,76,4.39,1.73,10.74,2.91,267.0,0.0,0.23,0.0,80g
비름나물무침,100g,73,3.46,4.05,5.7,0.86,335.0,0.0,0.63,0.1,80g
시래기나물무침,100g,114,4.32,7.28,7.74,0.54,514.0,0.0,0.9,0.02,50g
씀바귀나물무침,100g,97,3.87,1.73,16.57,1.28,204.0,0.0,0.36,0.08,90g
오징어조림,100g,137,16.55,2.37,12.45,6.85,1469.0,172.74,0.63,0.01,150g
오징어채조림,100g,240,23.52,4.9,25.36,13.78,1130.0,236.72,0.82,0.02,50g
쥐포조림,100g,276,13.03,8.86,36.12,23.37,1265.0,50.56,1.3,0.04,100g
김튀김,100g,522,11.0,28.9,54.36,0.14,606.0,0.0,5.36,0.2,50g
다시마튀각,100g,462,8.44,26.52,47.32,17.24,1305.0,0.0,4.08,0.32,50g
미역튀각,100g,443,13.24,33.9,21.14,11.36,5223.0,0.0,5.42,0.48,50g
풋고추볶음,100g,70,1.93,3.23,8.25,4.34,276.0,0.0,0.58,0.03,100g
햄볶음,100g,183,10.47,11.37,9.6,3.33,803.0,32.49,3.6,0.08,220g
땅콩조림,100g,483,18.75,36.4,19.95,9.85,574.0,0.0,5.8,0.05,20g
멸치조림,100g,318,40.92,13.22,8.93,7.35,3163.0,384.78,2.27,0.09,100g
무조림,100g,48,2.26,2.38,4.29,3.87,779.0,0.64,0.35,0.04,150g
병어조림,100g,112,12.46,4.78,4.87,0.22,842.0,40.81,2.07,0.12,100g
삼치조림,100g,125,15.88,5.63,2.61,2.03,441.0,51.41,1.64,0.04,100g
양미리조림,100g,65,5.76,0.66,9.09,2.2,711.0,49.59,0.29,0.01,100g
어묵조림,100g,159,5.83,4.73,23.16,2.43,428.0,7.84,0.81,0.05,200g
애호박볶음,100g,59,1.32,3.62,5.3,0.42,447.0,0.0,0.44,0.04,50g
양파볶음,100g,56,0.99,1.54,9.51,9.15,274.0,0.0,0.11,0.01,80g
죽순볶음,100g,120,13.68,5.59,3.78,2.07,214.0,30.97,2.12,0.13,230g
팔보채,100g,90,12.42,2.9,3.42,2.09,856.0,50.98,0.39,0.02,220g
라볶이,100g,134,2.83,4.71,20.14,0.94,311.0,2.52,1.47,0.03,200g
문어볶음,100g,88,10.97,1.02,8.62,5.44,487.0,78.89,0.22,0.01,200g
브로콜리볶음,100g,51,4.42,1.28,5.53,1.42,94.0,0.0,0.22,0.0,90g
삼겹살볶음,100g,151,5.76,10.49,8.4,3.62,604.0,13.36,3.36,0.13,200g
새우볶음,100g,83,9.91,2.21,5.96,3.99,326.0,79.67,0.38,0.03,200g
닭발볶음,100g,186,13.8,9.38,11.72,6.37,974.0,412.79,2.2,0.1,200g
당근볶음,100g,95,0.93,6.63,7.79,4.5,216.0,0.0,1.1,0.01,90g
돼지고기볶음(제육볶음),100g,195,12.15,14.19,4.73,0.38,501.0,45.6,4.18,0.06,250g
가지전,100g,123,5.48,7.28,8.88,0.84,337.0,98.48,1.8,0.1,200g
고구마전,100g,227,2.92,7.98,35.99,14.26,87.0,0.0,1.19,0.06,140g
맛살전,100g,165,7.48,6.24,19.69,1.14,559.0,64.18,1.21,0.06,200g
메밀전,100g,161,4.02,0.64,34.79,0.3,145.0,0.0,0.26,0.0,180g
산적,100g,200,29.06,8.56,1.55,0.06,586.0,56.15,2.41,0.05,170g
애호박전,100g,122,4.35,8.62,6.73,2.32,224.0,75.99,1.33,0.08,150g
뱅어포구이,100g,374,34.37,15.17,25.07,15.91,1479.0,469.76,3.0,0.11,70g
버섯구이,100g,52,5.16,1.38,4.78,0.11,492.0,0.0,0.41,0.01,80g
버섯구이표고버섯,100g,100,4.34,1.06,18.14,1.4,435.0,0.0,0.65,0.04,80g
삼겹살구이,100g,467,22.56,41.69,0.35,0.0,576.0,39.72,12.42,0.34,200g
새우구이,100g,145,23.41,4.44,2.82,0.03,330.0,233.98,0.74,0.05,180g
오리고기구이,100g,293,24.06,19.7,4.89,0.0,708.0,132.33,4.82,0.09,200g
조개구이,100g,130,17.43,2.07,10.44,3.6,454.0,25.29,0.09,0.0,180g
조기구이,100g,177,19.33,10.86,0.44,0.0,1364.0,91.79,3.08,0.12,180g
참치구이,100g,193,26.56,8.98,1.4,0.0,459.0,116.49,2.76,0.08,180g
치킨데리야끼,100g,208,16.54,9.01,15.21,0.11,267.0,53.29,2.59,0.06,340g
애호박찜,100g,181,9.5,6.48,21.18,1.81,161.0,12.54,1.44,0.07,100g
옥수수,100g,185,6.68,2.42,34.2,2.36,90.0,0.0,0.29,0.0,200g
코다리찜,100g,94,14.49,1.35,6.08,2.5,620.0,60.96,0.31,0.01,200g
콩나물찜,100g,56,6.67,1.01,4.97,0.0,223.0,64.85,0.21,0.0,200g
풋고추찜,100g,51,2.31,0.99,8.27,1.44,708.0,0.0,0.14,0.0,100g
곱창구이,100g,184,14.89,11.73,4.71,1.11,1315.0,196.11,4.11,0.31,150g
김구이,100g,470,20.4,30.2,29.0,0.2,4011.0,0.0,3.0,0.2,5g
떡갈비,100g,202,21.38,11.82,2.46,0.4,404.0,68.04,4.29,0.42,200g
런천미트구이,100g,303,17.56,24.38,3.27,1.71,954.0,35.69,9.01,0.16,160g
오징어찌개,100g,34,3.3,0.22,4.77,0.45,285.0,26.34,0.05,0.0,250g
가오리찜,100g,102,21.99,1.39,0.46,0.06,151.0,91.28,0.26,0.0,200g
감자,100g,70,2.16,0.16,15.01,0.86,3.0,0.0,0.03,0.0,200g
사태찜,100g,110,12.1,5.17,3.67,0.13,302.0,94.95,1.13,0.14,300g
수육,100g,166,28.43,4.94,2.04,0.11,31.0,88.3,1.89,0.26,300g
재첩국,100g,23,0.67,0.29,4.54,0.0,126.0,4.27,0.01,0.0,350g
토란국,100g,16,1.0,0.12,2.61,0.27,190.0,1.12,0.04,0.0,400g
김치전골,100g,73,3.12,4.23,5.68,0.79,299.0,7.43,0.67,0.01,270g
동태국,100g,17,2.42,0.16,1.4,0.0,224.0,11.46,0.02,0.0,400g
묵국,100g,22,1.0,0.4,3.57,0.28,238.0,0.0,0.03,0.0,400g
배추국,100g,16,1.84,0.41,1.14,0.0,248.0,5.58,0.09,0.01,400g
사골국,100g,55,5.56,2.42,2.81,0.0,75.0,19.12,0.94,0.08,400g
육개장,100g,30,3.68,0.99,1.49,0.76,201.0,10.86,0.17,0.0,440g
장어탕,100g,67,4.32,3.91,3.68,2.66,387.0,33.75,0.63,0.02,800g
냉국,100g,6,0.37,0.15,0.85,0.69,327.0,0.0,0.01,0.0,350g
달걀탕,100g,29,1.78,2.04,0.94,0.0,101.0,34.05,0.37,0.0,350g
도가니탕,100g,40,8.35,0.33,0.82,0.0,150.0,18.34,0.13,0.01,500g
오리죽,100g,155,7.5,4.99,19.95,0.0,62.0,36.07,1.16,0.02,400g
전복죽,100g,79,1.82,3.73,9.62,0.0,158.0,8.62,0.19,0.0,400g
팥죽,100g,81,3.17,0.19,16.66,0.02,127.0,0.0,0.07,0.0,400g
흑임자죽,100g,61,1.1,4.73,3.64,0.75,159.0,0.0,0.28,0.09,400g
굴국,100g,25,2.41,0.36,2.93,0.14,251.0,8.78,0.09,0.0,500g
내장탕,100g,71,5.82,4.52,1.68,0.05,216.0,63.89,1.78,0.01,600g
메밀국수,100g,63,3.14,0.29,12.06,0.0,194.0,0.0,0.12,0.0,350g
우동볶음,100g,128,2.8,2.01,24.79,0.43,257.0,0.0,0.49,0.03,300g
모카빵,100g,339,8.55,8.05,57.96,12.53,354.0,52.07,3.76,0.31,150g
초코소라빵,100g,319,3.29,10.93,51.76,9.29,215.0,19.61,4.34,0.03,70g
하이라이스,100g,112,4.02,1.13,21.34,0.0,246.0,2.83,0.13,0.0,360g
꿀떡,100g,228,3.74,1.73,49.48,0.29,275.0,0.0,0.3,0.0,100g
증편,100g,200,3.17,1.2,44.15,3.19,284.0,0.0,0.15,0.0,100g
잡곡밥,100g,146,5.3,0.87,29.33,0.32,3.0,0.0,0.22,0.0,200g
잡채밥,100g,150,4.02,3.42,25.79,0.05,227.0,5.91,0.41,0.05,550g
짬뽕밥,100g,72,3.2,1.4,11.65,1.34,234.0,15.78,0.23,0.01,900g
찰밥,100g,153,4.39,0.18,33.56,0.49,3.0,0.0,0.08,0.0,280g
햄채소볶음,100ml,68,6.3,3.03,3.82,1.99,335.0,14.8,0.71,,210ml
무생채(무만),100ml,30,1.03,0.56,5.77,2.57,249.0,0.0,0.09,,120ml
참나물겉절이,100ml,18,0.74,0.6,2.91,1.1,143.0,0.02,0.1,,190ml
치커리겉절이,100ml,22,0.72,0.73,3.51,1.89,160.0,0.0,0.12,,180ml
짜장소스,100ml,100,4.38,3.64,12.86,4.16,541.0,6.95,0.68,,200ml
